experience,test_score(out of 10),interview_score(out of 10),salary($)
1,8,9,55163.02765647743
9,8,6,71050.94614264919
5,6,7,58312.95487627365
2,10,10,63872.634643377
8,9,6,70083.69723435225
3,7,10,61148.471615720526
10,5,7,70532.02328966522
11,7,8,79241.63027656479
12,8,9,86105.53129548763
